{"cameraMode":{"drawMode":0,"name":"Shaded","section":"Shading Mode"},"sceneLighting":false,"audioPlay":false,"sceneViewState":{"showFog":true,"showMaterialUpdate":false,"showSkybox":false,"showFlares":true,"showImageEffects":true,"showParticleSystems":true},"in2DMode":false,"pivot":{"x":0.6533727645874023,"y":0.27899277210235598,"z":-0.2567436695098877},"rotation":{"x":0.24252498149871827,"y":-0.28745099902153017,"z":0.07549666613340378,"w":0.9235360622406006},"size":1.5343291759490967,"orthographic":false}