{"cameraMode":{"drawMode":0,"name":"Shaded","section":"Shading Mode"},"sceneLighting":false,"audioPlay":false,"sceneViewState":{"showFog":true,"showMaterialUpdate":false,"showSkybox":false,"showFlares":true,"showImageEffects":true,"showParticleSystems":true},"in2DMode":false,"pivot":{"x":0.07060623168945313,"y":-0.8527237176895142,"z":1.5776124000549317},"rotation":{"x":0.03816445171833038,"y":0.9554528594017029,"z":-0.14327391982078553,"w":0.2554333209991455},"size":83.32102966308594,"orthographic":false}