{"cameraMode":{"drawMode":0,"name":"Shaded","section":"Shading Mode"},"sceneLighting":false,"audioPlay":false,"sceneViewState":{"showFog":true,"showMaterialUpdate":false,"showSkybox":false,"showFlares":true,"showImageEffects":true,"showParticleSystems":true},"in2DMode":false,"pivot":{"x":0.14884290099143983,"y":0.04158817231655121,"z":-6.024980068206787},"rotation":{"x":-0.01006679330021143,"y":-0.15561038255691529,"z":-0.0015841044951230288,"w":0.9877990484237671},"size":1.1309645175933838,"orthographic":false}